{
  "milestone": "M2",
  "config": {
    "embeddings": "docs/reports/m1_embeddings.pkl",
    "report": "docs/reports/m2_metric_head.json",
    "head_out": "docs/reports/m2_metric_head.npz",
    "val_frac": 0.5,
    "top_k": 10,
    "seed": 0
  },
  "fit_time_sec": 0.007252931594848633,
  "weight_search_time_sec": 83.31774520874023,
  "mahalanobis": {
    "L_shape": [
      128,
      128
    ],
    "gamma": 0.0005409597652032971
  },
  "composite_weights": [
    0.5,
    0.1,
    0.4,
    0.0
  ],
  "metrics_val": {
    "baseline_joint_cos": {
      "P@1": 0.338411316648531,
      "P@5": 0.16974972796517954,
      "Recall@10": 0.3923029145224323,
      "MAP": 0.3046297933961364,
      "NDCG@10": 0.429808817903903,
      "MRR": 0.41372490169894566
    },
    "A_two_stream_cos": {
      "P@1": 0.338411316648531,
      "P@5": 0.16974972796517954,
      "Recall@10": 0.3923029145224323,
      "MAP": 0.3046297933961364,
      "NDCG@10": 0.429808817903903,
      "MRR": 0.41372490169894566
    },
    "B_plus_mahalanobis": {
      "P@1": 0.338411316648531,
      "P@5": 0.16974972796517954,
      "Recall@10": 0.3908100637884156,
      "MAP": 0.3039550386386085,
      "NDCG@10": 0.4294440733932886,
      "MRR": 0.4131571959094137
    },
    "C_plus_emd": {
      "P@1": 0.17410228509249184,
      "P@5": 0.11077257889009794,
      "Recall@10": 0.277221004088022,
      "MAP": 0.18472895574305592,
      "NDCG@10": 0.298321120667026,
      "MRR": 0.2698737816124228
    },
    "D_full_composite": {
      "P@1": 0.3340587595212187,
      "P@5": 0.16844396082698587,
      "Recall@10": 0.39274348820909727,
      "MAP": 0.3070407385709615,
      "NDCG@10": 0.42762496241423564,
      "MRR": 0.41091136979028237
    }
  },
  "n_fit": 919,
  "n_val": 919
}