{
  "milestone": "M2",
  "config": {
    "embeddings": "docs/reports/m1_embeddings.pkl",
    "report": "docs/reports/m2_metric_head.json",
    "head_out": "docs/reports/m2_metric_head.npz",
    "val_frac": 0.5,
    "top_k": 10,
    "seed": 0
  },
  "fit_time_sec": 0.019608736038208008,
  "weight_search_time_sec": 1.0490617752075195,
  "mahalanobis": {
    "L_shape": [
      128,
      128
    ],
    "gamma": 0.0005311440327204764
  },
  "composite_weights": [
    0.0,
    0.0,
    0.1,
    0.9
  ],
  "metrics_val": {
    "baseline_joint_cos": {
      "P@1": 1.0,
      "P@5": 0.9404761904761905,
      "Recall@10": 0.9976190476190476,
      "MAP": 0.9947061602418746,
      "NDCG@10": 0.9985035942030946,
      "MRR": 1.0
    },
    "A_two_stream_cos": {
      "P@1": 1.0,
      "P@5": 0.9404761904761905,
      "Recall@10": 0.9976190476190476,
      "MAP": 0.9947061602418746,
      "NDCG@10": 0.9985035942030946,
      "MRR": 1.0
    },
    "B_plus_mahalanobis": {
      "P@1": 1.0,
      "P@5": 0.9380952380952381,
      "Recall@10": 0.9976190476190476,
      "MAP": 0.9946194546194547,
      "NDCG@10": 0.9984194548998485,
      "MRR": 1.0
    },
    "C_plus_emd": {
      "P@1": 1.0,
      "P@5": 0.9404761904761905,
      "Recall@10": 0.9976190476190476,
      "MAP": 0.9951785714285715,
      "NDCG@10": 0.9986053434303496,
      "MRR": 1.0
    },
    "D_full_composite": {
      "P@1": 1.0,
      "P@5": 0.9428571428571428,
      "Recall@10": 1.0,
      "MAP": 0.9978278533635676,
      "NDCG@10": 0.9993332096548384,
      "MRR": 1.0
    }
  },
  "n_fit": 84,
  "n_val": 84
}