{
  "milestone": "M4",
  "config": {
    "embeddings": "docs/reports/m1_embeddings.pkl",
    "metric_head": "docs/reports/m2_metric_head.npz",
    "reranker": "docs/reports/m3_reranker.pt",
    "images_npz": null,
    "use_synthetic_images": true,
    "top_k": 10,
    "rerank_k": 20,
    "bootstrap": 500,
    "seed": 0,
    "report_json": "docs/reports/m4_ablation.json",
    "report_md": "docs/reports/m4_ablation.md"
  },
  "top_k": 10,
  "n_queries": 168,
  "timings_sec_per_variant": {
    "baseline_joint_cos": 0.028946399688720703,
    "A_two_stream_cos": 0.05053114891052246,
    "B_plus_mahalanobis": 0.20720267295837402,
    "C_plus_emd": 0.6783313751220703,
    "D_full_composite": 0.9146502017974854,
    "E_plus_rerank": 1.4317855834960938
  },
  "metrics": {
    "baseline_joint_cos": {
      "P@1": {
        "mean": 1.0,
        "ci95_lo": 1.0,
        "ci95_hi": 1.0
      },
      "P@5": {
        "mean": 0.9988095238095239,
        "ci95_lo": 0.9964285714285713,
        "ci95_hi": 1.0
      },
      "Recall@10": {
        "mean": 0.7683150183150185,
        "ci95_lo": 0.7669413919413919,
        "ci95_hi": 0.7692307692307692
      },
      "MAP": {
        "mean": 0.9973868168788446,
        "ci95_lo": 0.9935710195211112,
        "ci95_hi": 0.9997987360624724
      },
      "NDCG@10": {
        "mean": 0.999459768183303,
        "ci95_lo": 0.9983793045499094,
        "ci95_hi": 0.9999999999999998
      },
      "MRR": {
        "mean": 1.0,
        "ci95_lo": 1.0,
        "ci95_hi": 1.0
      }
    },
    "A_two_stream_cos": {
      "P@1": {
        "mean": 1.0,
        "ci95_lo": 1.0,
        "ci95_hi": 1.0,
        "vs_baseline": {
          "W": 0.0,
          "z": 0.0,
          "p_two_sided": 1.0,
          "n": 0
        }
      },
      "P@5": {
        "mean": 0.9988095238095239,
        "ci95_lo": 0.9964285714285713,
        "ci95_hi": 1.0,
        "vs_baseline": {
          "W": 0.0,
          "z": 0.0,
          "p_two_sided": 1.0,
          "n": 0
        }
      },
      "Recall@10": {
        "mean": 0.7683150183150185,
        "ci95_lo": 0.7669413919413919,
        "ci95_hi": 0.7692307692307692,
        "vs_baseline": {
          "W": 0.0,
          "z": 0.0,
          "p_two_sided": 1.0,
          "n": 0
        }
      },
      "MAP": {
        "mean": 0.9973868168788446,
        "ci95_lo": 0.9935710195211112,
        "ci95_hi": 0.9997987360624724,
        "vs_baseline": {
          "W": 0.0,
          "z": 0.0,
          "p_two_sided": 1.0,
          "n": 0
        }
      },
      "NDCG@10": {
        "mean": 0.999459768183303,
        "ci95_lo": 0.9983793045499094,
        "ci95_hi": 0.9999999999999998,
        "vs_baseline": {
          "W": 0.0,
          "z": 0.0,
          "p_two_sided": 1.0,
          "n": 0
        }
      },
      "MRR": {
        "mean": 1.0,
        "ci95_lo": 1.0,
        "ci95_hi": 1.0,
        "vs_baseline": {
          "W": 0.0,
          "z": 0.0,
          "p_two_sided": 1.0,
          "n": 0
        }
      }
    },
    "B_plus_mahalanobis": {
      "P@1": {
        "mean": 1.0,
        "ci95_lo": 1.0,
        "ci95_hi": 1.0,
        "vs_baseline": {
          "W": 0.0,
          "z": 0.0,
          "p_two_sided": 1.0,
          "n": 0
        }
      },
      "P@5": {
        "mean": 0.9988095238095239,
        "ci95_lo": 0.9964285714285713,
        "ci95_hi": 1.0,
        "vs_baseline": {
          "W": 0.0,
          "z": 0.0,
          "p_two_sided": 1.0,
          "n": 0
        }
      },
      "Recall@10": {
        "mean": 0.7678571428571429,
        "ci95_lo": 0.7655677655677657,
        "ci95_hi": 0.7692307692307692,
        "vs_baseline": {
          "W": 0.0,
          "z": 0.0,
          "p_two_sided": 1.0,
          "n": 1
        }
      },
      "MAP": {
        "mean": 0.9974324889614563,
        "ci95_lo": 0.9937461917332231,
        "ci95_hi": 0.9997987360624724,
        "vs_baseline": {
          "W": 0.0,
          "z": 0.0,
          "p_two_sided": 1.0,
          "n": 3
        }
      },
      "NDCG@10": {
        "mean": 0.9994730671238666,
        "ci95_lo": 0.9984192013716007,
        "ci95_hi": 0.9999999999999998,
        "vs_baseline": {
          "W": 0.0,
          "z": 0.0,
          "p_two_sided": 1.0,
          "n": 1
        }
      },
      "MRR": {
        "mean": 1.0,
        "ci95_lo": 1.0,
        "ci95_hi": 1.0,
        "vs_baseline": {
          "W": 0.0,
          "z": 0.0,
          "p_two_sided": 1.0,
          "n": 0
        }
      }
    },
    "C_plus_emd": {
      "P@1": {
        "mean": 1.0,
        "ci95_lo": 1.0,
        "ci95_hi": 1.0,
        "vs_baseline": {
          "W": 0.0,
          "z": 0.0,
          "p_two_sided": 1.0,
          "n": 0
        }
      },
      "P@5": {
        "mean": 0.9988095238095239,
        "ci95_lo": 0.9964285714285713,
        "ci95_hi": 1.0,
        "vs_baseline": {
          "W": 0.0,
          "z": 0.0,
          "p_two_sided": 1.0,
          "n": 0
        }
      },
      "Recall@10": {
        "mean": 0.7683150183150185,
        "ci95_lo": 0.7669413919413919,
        "ci95_hi": 0.7692307692307692,
        "vs_baseline": {
          "W": 0.0,
          "z": 0.0,
          "p_two_sided": 1.0,
          "n": 0
        }
      },
      "MAP": {
        "mean": 0.9983971097195866,
        "ci95_lo": 0.9961292062561311,
        "ci95_hi": 0.9999672946101518,
        "vs_baseline": {
          "W": -0.0,
          "z": -2.2013981571160284,
          "p_two_sided": 0.027707849358079864,
          "n": 6
        }
      },
      "NDCG@10": {
        "mean": 0.9998262509281697,
        "ci95_lo": 0.9994787527845093,
        "ci95_hi": 0.9999999999999998,
        "vs_baseline": {
          "W": 0.0,
          "z": 0.0,
          "p_two_sided": 1.0,
          "n": 2
        }
      },
      "MRR": {
        "mean": 1.0,
        "ci95_lo": 1.0,
        "ci95_hi": 1.0,
        "vs_baseline": {
          "W": 0.0,
          "z": 0.0,
          "p_two_sided": 1.0,
          "n": 0
        }
      }
    },
    "D_full_composite": {
      "P@1": {
        "mean": 1.0,
        "ci95_lo": 1.0,
        "ci95_hi": 1.0,
        "vs_baseline": {
          "W": 0.0,
          "z": 0.0,
          "p_two_sided": 1.0,
          "n": 0
        }
      },
      "P@5": {
        "mean": 1.0,
        "ci95_lo": 1.0,
        "ci95_hi": 1.0,
        "vs_baseline": {
          "W": 0.0,
          "z": 0.0,
          "p_two_sided": 1.0,
          "n": 1
        }
      },
      "Recall@10": {
        "mean": 0.7669413919413921,
        "ci95_lo": 0.7646520146520146,
        "ci95_hi": 0.7687728937728938,
        "vs_baseline": {
          "W": 8.0,
          "z": -1.01418510567422,
          "p_two_sided": 0.31049443431723495,
          "n": 7
        }
      },
      "MAP": {
        "mean": 0.9967767544430673,
        "ci95_lo": 0.9949884916024707,
        "ci95_hi": 0.9983547807265761,
        "vs_baseline": {
          "W": 84.5,
          "z": -2.6984136727889636,
          "p_two_sided": 0.0069670805219920395,
          "n": 28
        }
      },
      "NDCG@10": {
        "mean": 0.9999330390523143,
        "ci95_lo": 0.9998660781046288,
        "ci95_hi": 0.9999832597630784,
        "vs_baseline": {
          "W": 10.0,
          "z": -0.10482848367219183,
          "p_two_sided": 0.916511907863894,
          "n": 6
        }
      },
      "MRR": {
        "mean": 1.0,
        "ci95_lo": 1.0,
        "ci95_hi": 1.0,
        "vs_baseline": {
          "W": 0.0,
          "z": 0.0,
          "p_two_sided": 1.0,
          "n": 0
        }
      }
    },
    "E_plus_rerank": {
      "P@1": {
        "mean": 1.0,
        "ci95_lo": 1.0,
        "ci95_hi": 1.0,
        "vs_baseline": {
          "W": 0.0,
          "z": 0.0,
          "p_two_sided": 1.0,
          "n": 0
        }
      },
      "P@5": {
        "mean": 1.0,
        "ci95_lo": 1.0,
        "ci95_hi": 1.0,
        "vs_baseline": {
          "W": 0.0,