{
  "milestone": "M4",
  "config": {
    "embeddings": "docs/reports/m1_embeddings.pkl",
    "metric_head": "docs/reports/m2_metric_head.npz",
    "reranker": "docs/reports/m3_reranker.pt",
    "images_npz": null,
    "use_synthetic_images": false,
    "top_k": 10,
    "rerank_k": 20,
    "bootstrap": 500,
    "seed": 0,
    "report_json": "docs/reports/m4_ablation.json",
    "report_md": "docs/reports/m4_ablation.md"
  },
  "top_k": 10,
  "n_queries": 1838,
  "timings_sec_per_variant": {
    "baseline_joint_cos": 3.819211006164551,
    "A_two_stream_cos": 6.582716703414917,
    "B_plus_mahalanobis": 31.40442442893982,
    "C_plus_emd": 109.79522490501404,
    "D_full_composite": 152.55724048614502
  },
  "metrics": {
    "baseline_joint_cos": {
      "P@1": {
        "mean": 0.4363438520130577,
        "ci95_lo": 0.41458106637649617,
        "ci95_hi": 0.45973884657236125
      },
      "P@5": {
        "mean": 0.2616974972796518,
        "ci95_lo": 0.24940152339499458,
        "ci95_hi": 0.27345484221980415
      },
      "Recall@10": {
        "mean": 0.42325379861847684,
        "ci95_lo": 0.40544779482689536,
        "ci95_hi": 0.44231189079638733
      },
      "MAP": {
        "mean": 0.36816661823296126,
        "ci95_lo": 0.3532450250117044,
        "ci95_hi": 0.38477573416355426
      },
      "NDCG@10": {
        "mean": 0.5622468776324477,
        "ci95_lo": 0.545276345639692,
        "ci95_hi": 0.5818145227791544
      },
      "MRR": {
        "mean": 0.5360891697898427,
        "ci95_lo": 0.5178901763841401,
        "ci95_hi": 0.5572565739408329
      }
    },
    "A_two_stream_cos": {
      "P@1": {
        "mean": 0.4363438520130577,
        "ci95_lo": 0.41458106637649617,
        "ci95_hi": 0.45973884657236125,
        "vs_baseline": {
          "W": 0.0,
          "z": 0.0,
          "p_two_sided": 1.0,
          "n": 0
        }
      },
      "P@5": {
        "mean": 0.2616974972796518,
        "ci95_lo": 0.24940152339499458,
        "ci95_hi": 0.27345484221980415,
        "vs_baseline": {
          "W": 0.0,
          "z": 0.0,
          "p_two_sided": 1.0,
          "n": 0
        }
      },
      "Recall@10": {
        "mean": 0.42325379861847684,
        "ci95_lo": 0.40544779482689536,
        "ci95_hi": 0.44231189079638733,
        "vs_baseline": {
          "W": 0.0,
          "z": 0.0,
          "p_two_sided": 1.0,
          "n": 0
        }
      },
      "MAP": {
        "mean": 0.36816661823296126,
        "ci95_lo": 0.3532450250117044,
        "ci95_hi": 0.38477573416355426,
        "vs_baseline": {
          "W": 0.0,
          "z": 0.0,
          "p_two_sided": 1.0,
          "n": 0
        }
      },
      "NDCG@10": {
        "mean": 0.5622468776324477,
        "ci95_lo": 0.545276345639692,
        "ci95_hi": 0.5818145227791544,
        "vs_baseline": {
          "W": 0.0,
          "z": 0.0,
          "p_two_sided": 1.0,
          "n": 0
        }
      },
      "MRR": {
        "mean": 0.5360891697898427,
        "ci95_lo": 0.5178901763841401,
        "ci95_hi": 0.5572565739408329,
        "vs_baseline": {
          "W": 0.0,
          "z": 0.0,
          "p_two_sided": 1.0,
          "n": 0
        }
      }
    },
    "B_plus_mahalanobis": {
      "P@1": {
        "mean": 0.4401523394994559,
        "ci95_lo": 0.4167573449401523,
        "ci95_hi": 0.4630032644178455,
        "vs_baseline": {
          "W": 77.0,
          "z": -1.3381695237968187,
          "p_two_sided": 0.18084118136338853,
          "n": 21
        }
      },
      "P@5": {
        "mean": 0.262132752992383,
        "ci95_lo": 0.249727965179543,
        "ci95_hi": 0.2739417845484222,
        "vs_baseline": {
          "W": 677.5,
          "z": -0.5596641697918079,
          "p_two_sided": 0.5757085261912247,
          "n": 54
        }
      },
      "Recall@10": {
        "mean": 0.42395120631092725,
        "ci95_lo": 0.4063015871828137,
        "ci95_hi": 0.4429990949335699,
        "vs_baseline": {
          "W": 1185.5,
          "z": -0.13153681936870687,
          "p_two_sided": 0.8953506619467735,
          "n": 69
        }
      },
      "MAP": {
        "mean": 0.3692531043239177,
        "ci95_lo": 0.35448152053586107,
        "ci95_hi": 0.38521737770797204,
        "vs_baseline": {
          "W": 470136.0,
          "z": -1.9137957513769792,
          "p_two_sided": 0.05564625859074421,
          "n": 1413
        }
      },
      "NDCG@10": {
        "mean": 0.5629146584120579,
        "ci95_lo": 0.5456478198182717,
        "ci95_hi": 0.5821428446753708,
        "vs_baseline": {
          "W": 28133.0,
          "z": -0.8326857041157167,
          "p_two_sided": 0.40502200918784187,
          "n": 344
        }
      },
      "MRR": {
        "mean": 0.53784826104715,
        "ci95_lo": 0.518398118139914,
        "ci95_hi": 0.5591106188297851,
        "vs_baseline": {
          "W": 76265.5,
          "z": -0.8780311415356566,
          "p_two_sided": 0.3799268190251425,
          "n": 564
        }
      }
    },
    "C_plus_emd": {
      "P@1": {
        "mean": 0.23993471164309033,
        "ci95_lo": 0.21951849836779108,
        "ci95_hi": 0.2598068552774755,
        "vs_baseline": {
          "W": 24030.0,
          "z": -13.47238876148974,
          "p_two_sided": 2.2738856182025767e-41,
          "n": 539
        }
      },
      "P@5": {
        "mean": 0.1572361262241567,
        "ci95_lo": 0.1467328618063112,
        "ci95_hi": 0.16730413492927096,
        "vs_baseline": {
          "W": 49071.5,
          "z": -19.771898135601553,
          "p_two_sided": 5.198292944760774e-87,
          "n": 903
        }
      },
      "Recall@10": {
        "mean": 0.2684979197933698,
        "ci95_lo": 0.2542384632610392,
        "ci95_hi": 0.2850164983819555,
        "vs_baseline": {
          "W": 51458.5,
          "z": -19.966029505277113,
          "p_two_sided": 1.0876337330889904e-88,
          "n": 923
        }
      },
      "MAP": {
        "mean": 0.20994171285130314,
        "ci95_lo": 0.19866251391507117,
        "ci95_hi": 0.22301832039898545,
        "vs_baseline": {
          "W": 218928.5,
          "z": -25.95538944962861,
          "p_two_sided": 1.580629973157745e-148,
          "n": 1754
        }
      },
      "NDCG@10": {
        "mean": 0.38282192946521115,
        "ci95_lo": 0.3645499035716831,
        "ci95_hi": 0.39963625195179336,
        "vs_baseline": {
          "W": 133252.5,
          "z": -19.962067366213454,
          "p_two_sided": 1.1773925212009682e-88,
          "n": 1241
        }
      },
      "MRR": {
        "mean": 0.349335080283889,
        "ci95_lo": 0.3303285303481668,
        "ci95_hi": 0.3676141879210726,
        "vs_baseline": {
          "W": 208948.5,
          "z": -19.4020180565826,
          "p_two_sided": 7.42006619390002e-84,
          "n": 1431
        }
      }
    },
    "D_full_composite": {
      "P@1": {
        "mean": 0.43797606093579977,
        "ci95_lo": 0.41566920565832427,
        "ci95_hi": 0.4616566920565832,
        "vs_baseline": {
          "W": 3135.0,
          "z": -0.2449441995841217,
          "p_two_sided": 0.8064996375719693,
          "n": 113
        }
      },
      "P@5": {
        "mean": 0.2635473340587595,
        "ci95_lo": 0.2515778019586507,
        "ci95_hi": 0.27644994559303593,
        "vs_baseline": {
          "W": 12675.5,
          "z": -1.2453360881235858,
          "p_two_sided": 0.21300823551771206,
          "n": 236
        }
      },
      "Recall@10": {
        "mean": 0.43432175669619955,
        "ci95_lo": 0.41677767126404763,
        "ci95_hi": 0.4528731340808076,
        "vs_baseline": {
          "W": 19786.5,
          "z": -2.387975209675443,
          "p_two_sided": 0.016941484512330105,
          "n": 306
        }
      },
      "MAP": {
        "mean": 0.37083505645114784,
        "ci95_lo": 0.3561471108852516,
        "ci95_hi": 0.3872732637913614,
        "vs_baseline": {
          "W": 612591.0,