{
  "milestone": "M2",
  "config": {
    "embeddings": "reports/m1_embeddings.pkl",
    "report": "reports/m2_metric_head.json",
    "head_out": "reports/m2_metric_head.npz",
    "val_frac": 0.5,
    "top_k": 10,
    "seed": 0
  },
  "fit_time_sec": 0.010590314865112305,
  "weight_search_time_sec": 168.25468707084656,
  "mahalanobis": {
    "L_shape": [
      256,
      256
    ],
    "gamma": 0.00027093247626908123
  },
  "composite_weights": [
    0.0,
    0.2,
    0.8,
    0.0
  ],
  "metrics_val": {
    "baseline_joint_cos": {
      "P@1": 0.2092511013215859,
      "P@5": 0.11732745961820852,
      "Recall@10": 0.25086652379992624,
      "MAP": 0.19059618532697917,
      "NDCG@10": 0.2794914629594829,
      "MRR": 0.26386557299108887
    },
    "A_two_stream_cos": {
      "P@1": 0.2092511013215859,
      "P@5": 0.11732745961820852,
      "Recall@10": 0.25086652379992624,
      "MAP": 0.19059618532697917,
      "NDCG@10": 0.2794914629594829,
      "MRR": 0.26386557299108887
    },
    "B_plus_mahalanobis": {
      "P@1": 0.2092511013215859,
      "P@5": 0.11674008810572688,
      "Recall@10": 0.2502232121433987,
      "MAP": 0.19078189235783513,
      "NDCG@10": 0.2785200753482879,
      "MRR": 0.2638525098527819
    },
    "C_plus_emd": {
      "P@1": 0.18795888399412627,
      "P@5": 0.1055800293685756,
      "Recall@10": 0.22757957074165935,
      "MAP": 0.17216345505495523,
      "NDCG@10": 0.2581604518048854,
      "MRR": 0.2435904281102159
    },
    "D_full_composite": {
      "P@1": 0.20704845814977973,
      "P@5": 0.1142437591776799,
      "Recall@10": 0.24255660169109253,
      "MAP": 0.18714699915965133,
      "NDCG@10": 0.2739899023210692,
      "MRR": 0.2609901717634528
    }
  },
  "n_fit": 1362,
  "n_val": 1362
}