{
  "milestone": "M4",
  "config": {
    "embeddings": "reports/m1_embeddings.pkl",
    "metric_head": "reports/m2_metric_head.npz",
    "reranker": "docs/reports/m3_reranker.pt",
    "images_npz": null,
    "use_synthetic_images": false,
    "top_k": 10,
    "rerank_k": 20,
    "bootstrap": 500,
    "seed": 0,
    "report_json": "reports/m4_ablation.json",
    "report_md": "reports/m4_ablation.md"
  },
  "top_k": 10,
  "n_queries": 2724,
  "timings_sec_per_variant": {
    "baseline_joint_cos": 8.281583309173584,
    "A_two_stream_cos": 13.496500968933105,
    "B_plus_mahalanobis": 90.65141367912292,
    "C_plus_emd": 221.39570832252502,
    "D_full_composite": 337.88150668144226
  },
  "metrics": {
    "baseline_joint_cos": {
      "P@1": {
        "mean": 0.2701908957415565,
        "ci95_lo": 0.25255139500734214,
        "ci95_hi": 0.2845080763582966
      },
      "P@5": {
        "mean": 0.16593245227606462,
        "ci95_lo": 0.15726138032305434,
        "ci95_hi": 0.17536894273127754
      },
      "Recall@10": {
        "mean": 0.2766898792646873,
        "ci95_lo": 0.26209379534007066,
        "ci95_hi": 0.29098644066568286
      },
      "MAP": {
        "mean": 0.22139030208968238,
        "ci95_lo": 0.20866079015599145,
        "ci95_hi": 0.2324026073029059
      },
      "NDCG@10": {
        "mean": 0.3623156098503129,
        "ci95_lo": 0.3456384029006916,
        "ci95_hi": 0.37695129204988853
      },
      "MRR": {
        "mean": 0.342543943411588,
        "ci95_lo": 0.32608317395096614,
        "ci95_hi": 0.3567289605473037
      }
    },
    "A_two_stream_cos": {
      "P@1": {
        "mean": 0.2701908957415565,
        "ci95_lo": 0.25255139500734214,
        "ci95_hi": 0.2845080763582966,
        "vs_baseline": {
          "W": 0.0,
          "z": 0.0,
          "p_two_sided": 1.0,
          "n": 0
        }
      },
      "P@5": {
        "mean": 0.16593245227606462,
        "ci95_lo": 0.15726138032305434,
        "ci95_hi": 0.17536894273127754,
        "vs_baseline": {
          "W": 0.0,
          "z": 0.0,
          "p_two_sided": 1.0,
          "n": 0
        }
      },
      "Recall@10": {
        "mean": 0.2766898792646873,
        "ci95_lo": 0.26209379534007066,
        "ci95_hi": 0.29098644066568286,
        "vs_baseline": {
          "W": 0.0,
          "z": 0.0,
          "p_two_sided": 1.0,
          "n": 0
        }
      },
      "MAP": {
        "mean": 0.22139022102073969,
        "ci95_lo": 0.20866079015599145,
        "ci95_hi": 0.23240252623396324,
        "vs_baseline": {
          "W": 0.0,
          "z": 0.0,
          "p_two_sided": 1.0,
          "n": 1
        }
      },
      "NDCG@10": {
        "mean": 0.3623156098503129,
        "ci95_lo": 0.3456384029006916,
        "ci95_hi": 0.37695129204988853,
        "vs_baseline": {
          "W": 0.0,
          "z": 0.0,
          "p_two_sided": 1.0,
          "n": 0
        }
      },
      "MRR": {
        "mean": 0.342543943411588,
        "ci95_lo": 0.32608317395096614,
        "ci95_hi": 0.3567289605473037,
        "vs_baseline": {
          "W": 0.0,
          "z": 0.0,
          "p_two_sided": 1.0,
          "n": 0
        }
      }
    },
    "B_plus_mahalanobis": {
      "P@1": {
        "mean": 0.2687224669603524,
        "ci95_lo": 0.250715859030837,
        "ci95_hi": 0.2830396475770925,
        "vs_baseline": {
          "W": 37.5,
          "z": -0.9416472308615167,
          "p_two_sided": 0.34637328000617834,
          "n": 14
        }
      },
      "P@5": {
        "mean": 0.1655653450807636,
        "ci95_lo": 0.15645374449339208,
        "ci95_hi": 0.1746732745961821,
        "vs_baseline": {
          "W": 445.5,
          "z": -0.3320611918371346,
          "p_two_sided": 0.7398430534397039,
          "n": 43
        }
      },
      "Recall@10": {
        "mean": 0.27473598779491704,
        "ci95_lo": 0.2605959701131915,
        "ci95_hi": 0.28917528046827634,
        "vs_baseline": {
          "W": 639.5,
          "z": -1.853028101857999,
          "p_two_sided": 0.06387833088079678,
          "n": 59
        }
      },
      "MAP": {
        "mean": 0.2206780327458952,
        "ci95_lo": 0.20821601032670556,
        "ci95_hi": 0.23172628531258357,
        "vs_baseline": {
          "W": 512936.0,
          "z": -1.2176386149917093,
          "p_two_sided": 0.2233613334861726,
          "n": 1459
        }
      },
      "NDCG@10": {
        "mean": 0.3611417673758015,
        "ci95_lo": 0.3451438933314409,
        "ci95_hi": 0.37582925390720623,
        "vs_baseline": {
          "W": 23315.0,
          "z": -1.6068798745003283,
          "p_two_sided": 0.10808072204524945,
          "n": 322
        }
      },
      "MRR": {
        "mean": 0.34159269130663705,
        "ci95_lo": 0.32508988745181416,
        "ci95_hi": 0.3560589258875632,
        "vs_baseline": {
          "W": 82966.5,
          "z": -0.7387339009171013,
          "p_two_sided": 0.4600685959124413,
          "n": 586
        }
      }
    },
    "C_plus_emd": {
      "P@1": {
        "mean": 0.24155653450807635,
        "ci95_lo": 0.22430249632892804,
        "ci95_hi": 0.25680066079295155,
        "vs_baseline": {
          "W": 7486.5,
          "z": -4.601498400398327,
          "p_two_sided": 4.194623796637001e-06,
          "n": 216
        }
      },
      "P@5": {
        "mean": 0.1538179148311307,
        "ci95_lo": 0.14511563876651984,
        "ci95_hi": 0.16229992657856093,
        "vs_baseline": {
          "W": 23289.5,
          "z": -6.471173589864126,
          "p_two_sided": 9.724463739357988e-11,
          "n": 387
        }
      },
      "Recall@10": {
        "mean": 0.2515146304964365,
        "ci95_lo": 0.2377231612889904,
        "ci95_hi": 0.26568750186841145,
        "vs_baseline": {
          "W": 22916.0,
          "z": -9.287134845063333,
          "p_two_sided": 1.5849736658893277e-20,
          "n": 434
        }
      },
      "MAP": {
        "mean": 0.20046413177591174,
        "ci95_lo": 0.18823991210011926,
        "ci95_hi": 0.21140902219375227,
        "vs_baseline": {
          "W": 472687.5,
          "z": -10.233290841227303,
          "p_two_sided": 1.406567865278817e-24,
          "n": 1634
        }
      },
      "NDCG@10": {
        "mean": 0.34085033436792717,
        "ci95_lo": 0.3238650250044868,
        "ci95_hi": 0.3553243275144572,
        "vs_baseline": {
          "W": 157843.5,
          "z": -6.040500607721141,
          "p_two_sided": 1.536368057176116e-09,
          "n": 906
        }
      },
      "MRR": {
        "mean": 0.31853201253506086,
        "ci95_lo": 0.3017581210775098,
        "ci95_hi": 0.3339376052935662,
        "vs_baseline": {
          "W": 235517.0,
          "z": -3.868363930083427,
          "p_two_sided": 0.0001095680509641976,
          "n": 1045
        }
      }
    },
    "D_full_composite": {
      "P@1": {
        "mean": 0.2643171806167401,
        "ci95_lo": 0.24706314243759178,
        "ci95_hi": 0.27936857562408224,
        "vs_baseline": {
          "W": 1940.0,
          "z": -1.4178725945234,
          "p_two_sided": 0.15622796488131557,
          "n": 96
        }
      },
      "P@5": {
        "mean": 0.16350954478707783,
        "ci95_lo": 0.15473384728340675,
        "ci95_hi": 0.1723586637298091,
        "vs_baseline": {
          "W": 15100.5,
          "z": -1.7316523613019499,
          "p_two_sided": 0.08333547737444102,
          "n": 262
        }
      },
      "Recall@10": {
        "mean": 0.2738369624832064,
        "ci95_lo": 0.2594145533242279,
        "ci95_hi": 0.2872654307617986,
        "vs_baseline": {
          "W": 16059.5,
          "z": -2.4827223642828993,
          "p_two_sided": 0.01303826632723906,
          "n": 278
        }
      },
      "MAP": {
        "mean": 0.21962343588711816,
        "ci95_lo": 0.20811588940293818,
        "ci95_hi": 0.2304261977640409,
        "vs_baseline": {
          "W": 590357.0,